role_key,role_name,scope,membership_cardinality,primary_authority,prohibited,stable_odoo_group,cross_campaign_access,status
agent,Campaign Agent,One campaign,Exactly one active operational membership,"Work directly assigned contacts; calls; callbacks; campaign mail","Unassigned/peer leads; campaign switching; user management; configuration; cross-campaign data; recording search; bulk export",codestra_cc_security.group_cc_campaign_agent,FALSE,PASS
senior_agent,Senior Agent / SME,One campaign,Exactly one active operational membership,"Agent duties plus assigned peer-support and coaching tasks","Supervisor dashboards; membership changes; silent monitoring; QA finalization",codestra_cc_security.group_cc_senior_agent,FALSE,PARTIAL
supervisor,Campaign Supervisor,One campaign,"One active supervisor membership per user; one primary supervisor per campaign; additional active supervisor memberships in the campaign are backups","All supervised-campaign leads including unassigned; same-campaign reassignment; approved monitoring; reports; limited archive","Other campaigns; cross-campaign lead moves; global configuration; bulk export; signed QA mutation",codestra_cc_security.group_cc_campaign_supervisor,FALSE,PASS
qa_analyst,QA Analyst,Assigned campaign QA scope,Explicit assigned membership,"Sample; score; calibrate; create coaching recommendations","Changing dispositions; CRM stages; financial decisions; user memberships; scripts",codestra_cc_security.group_cc_quality_analyst,FALSE,PARTIAL
wfm_analyst,Workforce / Real-Time Analyst,Assigned campaign metrics or de-identified aggregate,Explicit assigned membership or approved aggregate grant,"Forecast; schedule; adherence; real-time queue management","Full customer notes; documents; recordings; payments; underwriting content",codestra_cc_security.group_cc_workforce_analyst,FALSE,PARTIAL
compliance_officer,Compliance Officer,Policy scope,Explicit policy grant,"Consent; DNC; disclosure; retention; hold controls","Selling; funding; dispositioning as an agent; altering QA evidence",codestra_cc_security.group_cc_compliance_officer,CONTROLLED,PARTIAL
campaign_config_manager,Campaign Configuration Manager,Assigned campaign configuration,Explicit assigned membership,"Draft scripts; dispositions; aliases; SLAs; mappings","Publishing own high-risk change without approval; live dialing activation",codestra_cc_security.group_cc_campaign_configuration_manager,FALSE,PARTIAL
global_cc_admin,Call Center Super User,All campaigns,Audited operational global role,"All campaigns; supervisors; agents; leads; call-center reports; governed cross-campaign transfer; bulk assignment; controlled export","Odoo technical administration; normal call-center lead unlink; unlogged access; two-person-control bypass",codestra_cc_security.group_cc_global_administrator,AUDITED,PASS
technical_admin,Technical Administrator,Platform only by default,No operational campaign membership by default,"Module; infrastructure; deployment maintenance; private maintenance-only deletion tooling","Operational business-data access except time-bounded break-glass",codestra_cc_security.group_cc_technical_administrator,BREAK_GLASS_ONLY,PASS
auditor,Auditor,Approved read-only evidence,Explicit evidence grant,"Audit; reconciliations; release evidence",Operational writes,codestra_cc_security.group_cc_auditor,READ_ONLY,PARTIAL