id,name,model_id,group_id/id,operation,domain
callcenter_assignment_agent,Call Center assignment: agent own history,callcenter.campaign.assignment,callcenter.group_callcenter_agent,r,"[('user_id', '=', user.id)]"
callcenter_assignment_supervisor,Call Center assignment: supervised campaigns,callcenter.campaign.assignment,callcenter.group_callcenter_supervisor,r,"['|', ('user_id', '=', user.id), ('campaign_id', 'in', user.callcenter_supervised_campaign_ids.ids)]"
callcenter_assignment_superuser,Call Center assignment: super user all campaigns,callcenter.campaign.assignment,callcenter.group_callcenter_superuser,cru,
callcenter_assignment_system,Call Center assignment: technical administrator,callcenter.campaign.assignment,base.group_system,cru,
callcenter_team_agent,Call Center campaign: agent read,crm.team,callcenter.group_callcenter_agent,r,"[('id', 'in', user.callcenter_visible_campaign_ids.ids)]"
callcenter_team_superuser,Call Center campaign: super user manage,crm.team,callcenter.group_callcenter_superuser,cru,"[('is_callcenter_campaign', '=', True)]"
callcenter_team_boundary,Call Center campaign boundary,crm.team,,crud,"[] if not user.callcenter_is_operator else ([('is_callcenter_campaign', '=', True)] if user.callcenter_is_superuser else [('id', 'in', user.callcenter_visible_campaign_ids.ids)])"
callcenter_lead_agent,Call Center leads: agent and supervisor,crm.lead,callcenter.group_callcenter_agent,cru,"[('team_id', 'in', user.callcenter_visible_campaign_ids.ids)]"
callcenter_lead_superuser,Call Center leads: super user,crm.lead,callcenter.group_callcenter_superuser,cru,"[('team_id', 'in', user.callcenter_visible_campaign_ids.ids)]"
callcenter_lead_boundary,Call Center lead campaign boundary,crm.lead,,crud,"[] if not user.callcenter_is_operator else [('team_id', 'in', user.callcenter_visible_campaign_ids.ids)]"
callcenter_transfer_wizard_superuser,Call Center transfer wizard: super user,callcenter.agent.transfer.wizard,callcenter.group_callcenter_superuser,cru,
callcenter_transfer_wizard_system,Call Center transfer wizard: technical administrator,callcenter.agent.transfer.wizard,base.group_system,cru,
